"M49 Code","Sub-region Code","Intermediate Region Code","Country or Area","ISO-alpha3 Code"
"533","419","29","Aruba","ABW"
"4","34",,"Afghanistan","AFG"
"24","202","17","Angola","AGO"
"660","419","29","Anguilla","AIA"
"248","154",,"Åland Islands","ALA"
"8","39",,"Albania","ALB"
"20","39",,"Andorra","AND"
"784","145",,"United Arab Emirates","ARE"
"32","419","5","Argentina","ARG"
"51","145",,"Armenia","ARM"
"16","61",,"American Samoa","ASM"
"10",,,"Antarctica","ATA"
"260","202","14","French Southern Territories","ATF"
"28","419","29","Antigua and Barbuda","ATG"
"36","53",,"Australia","AUS"
"40","155",,"Austria","AUT"
"31","145",,"Azerbaijan","AZE"
"108","202","14","Burundi","BDI"
"56","155",,"Belgium","BEL"
"204","202","11","Benin","BEN"
"535","419","29","Bonaire, Sint Eustatius and Saba","BES"
"854","202","11","Burkina Faso","BFA"
"50","34",,"Bangladesh","BGD"
"100","151",,"Bulgaria","BGR"
"48","145",,"Bahrain","BHR"
"44","419","29","Bahamas","BHS"
"70","39",,"Bosnia and Herzegovina","BIH"
"652","419","29","Saint Barthélemy","BLM"
"112","151",,"Belarus","BLR"
"84","419","13","Belize","BLZ"
"60","21",,"Bermuda","BMU"
"68","419","5","Bolivia (Plurinational State of)","BOL"
"76","419","5","Brazil","BRA"
"52","419","29","Barbados","BRB"
"96","35",,"Brunei Darussalam","BRN"
"64","34",,"Bhutan","BTN"
"74","419","5","Bouvet Island","BVT"
"72","202","18","Botswana","BWA"
"140","202","17","Central African Republic","CAF"
"124","21",,"Canada","CAN"
"166","53",,"Cocos (Keeling) Islands","CCK"
"756","155",,"Switzerland","CHE"
"152","419","5","Chile","CHL"
"156","30",,"China","CHN"
"384","202","11","Côte d’Ivoire","CIV"
"120","202","17","Cameroon","CMR"
"180","202","17","Democratic Republic of the Congo","COD"
"178","202","17","Congo","COG"
"184","61",,"Cook Islands","COK"
"170","419","5","Colombia","COL"
"174","202","14","Comoros","COM"
"132","202","11","Cabo Verde","CPV"
"188","419","13","Costa Rica","CRI"
"192","419","29","Cuba","CUB"
"531","419","29","Curaçao","CUW"
"162","53",,"Christmas Island","CXR"
"136","419","29","Cayman Islands","CYM"
"196","145",,"Cyprus","CYP"
"203","151",,"Czechia","CZE"
"276","155",,"Germany","DEU"
"262","202","14","Djibouti","DJI"
"212","419","29","Dominica","DMA"
"208","154",,"Denmark","DNK"
"214","419","29","Dominican Republic","DOM"
"12","15",,"Algeria","DZA"
"218","419","5","Ecuador","ECU"
"818","15",,"Egypt","EGY"
"232","202","14","Eritrea","ERI"
"732","15",,"Western Sahara","ESH"
"724","39",,"Spain","ESP"
"233","154",,"Estonia","EST"
"231","202","14","Ethiopia","ETH"
"246","154",,"Finland","FIN"
"242","54",,"Fiji","FJI"
"238","419","5","Falkland Islands (Malvinas)","FLK"
"250","155",,"France","FRA"
"234","154",,"Faroe Islands","FRO"
"583","57",,"Micronesia (Federated States of)","FSM"
"266","202","17","Gabon","GAB"
"826","154",,"United Kingdom of Great Britain and Northern Ireland","GBR"
"268","145",,"Georgia","GEO"
"831","154","830","Guernsey","GGY"
"288","202","11","Ghana","GHA"
"292","39",,"Gibraltar","GIB"
"324","202","11","Guinea","GIN"
"312","419","29","Guadeloupe","GLP"
"270","202","11","Gambia","GMB"
"624","202","11","Guinea-Bissau","GNB"
"226","202","17","Equatorial Guinea","GNQ"
"300","39",,"Greece","GRC"
"308","419","29","Grenada","GRD"
"304","21",,"Greenland","GRL"
"320","419","13","Guatemala","GTM"
"254","419","5","French Guiana","GUF"
"316","57",,"Guam","GUM"
"328","419","5","Guyana","GUY"
"344","30",,"China, Hong Kong Special Administrative Region","HKG"
"334","53",,"Heard Island and McDonald Islands","HMD"
"340","419","13","Honduras","HND"
"191","39",,"Croatia","HRV"
"332","419","29","Haiti","HTI"
"348","151",,"Hungary","HUN"
"360","35",,"Indonesia","IDN"
"833","154",,"Isle of Man","IMN"
"356","34",,"India","IND"
"86","202","14","British Indian Ocean Territory","IOT"
"372","154",,"Ireland","IRL"
"364","34",,"Iran (Islamic Republic of)","IRN"
"368","145",,"Iraq","IRQ"
"352","154",,"Iceland","ISL"
"376","145",,"Israel","ISR"
"380","39",,"Italy","ITA"
"388","419","29","Jamaica","JAM"
"832","154","830","Jersey","JEY"
"400","145",,"Jordan","JOR"
"392","30",,"Japan","JPN"
"398","143",,"Kazakhstan","KAZ"
"404","202","14","Kenya","KEN"
"417","143",,"Kyrgyzstan","KGZ"
"116","35",,"Cambodia","KHM"
"296","57",,"Kiribati","KIR"
"659","419","29","Saint Kitts and Nevis","KNA"
"410","30",,"Republic of Korea","KOR"
"414","145",,"Kuwait","KWT"
"418","35",,"Lao People's Democratic Republic","LAO"
"422","145",,"Lebanon","LBN"
"430","202","11","Liberia","LBR"
"434","15",,"Libya","LBY"
"662","419","29","Saint Lucia","LCA"
"438","155",,"Liechtenstein","LIE"
"144","34",,"Sri Lanka","LKA"
"426","202","18","Lesotho","LSO"
"440","154",,"Lithuania","LTU"
"442","155",,"Luxembourg","LUX"
"428","154",,"Latvia","LVA"
"446","30",,"China, Macao Special Administrative Region","MAC"
"663","419","29","Saint Martin (French Part)","MAF"
"504","15",,"Morocco","MAR"
"492","155",,"Monaco","MCO"
"498","151",,"Republic of Moldova","MDA"
"450","202","14","Madagascar","MDG"
"462","34",,"Maldives","MDV"
"484","419","13","Mexico","MEX"
"584","57",,"Marshall Islands","MHL"
"807","39",,"North Macedonia","MKD"
"466","202","11","Mali","MLI"
"470","39",,"Malta","MLT"
"104","35",,"Myanmar","MMR"
"499","39",,"Montenegro","MNE"
"496","30",,"Mongolia","MNG"
"580","57",,"Northern Mariana Islands","MNP"
"508","202","14","Mozambique","MOZ"
"478","202","11","Mauritania","MRT"
"500","419","29","Montserrat","MSR"
"474","419","29","Martinique","MTQ"
"480","202","14","Mauritius","MUS"
"454","202","14","Malawi","MWI"
"458","35",,"Malaysia","MYS"
"175","202","14","Mayotte","MYT"
"516","202","18","Namibia","NAM"
"540","54",,"New Caledonia","NCL"
"562","202","11","Niger","NER"
"574","53",,"Norfolk Island","NFK"
"566","202","11","Nigeria","NGA"
"558","419","13","Nicaragua","NIC"
"570","61",,"Niue","NIU"
"528","155",,"Netherlands","NLD"
"578","154",,"Norway","NOR"
"524","34",,"Nepal","NPL"
"520","57",,"Nauru","NRU"
"554","53",,"New Zealand","NZL"
"512","145",,"Oman","OMN"
"586","34",,"Pakistan","PAK"
"591","419","13","Panama","PAN"
"612","61",,"Pitcairn","PCN"
"604","419","5","Peru","PER"
"608","35",,"Philippines","PHL"
"585","57",,"Palau","PLW"
"598","54",,"Papua New Guinea","PNG"
"616","151",,"Poland","POL"
"630","419","29","Puerto Rico","PRI"
"408","30",,"Democratic People's Republic of Korea","PRK"
"620","39",,"Portugal","PRT"
"600","419","5","Paraguay","PRY"
"275","145",,"State of Palestine","PSE"
"258","61",,"French Polynesia","PYF"
"634","145",,"Qatar","QAT"
"638","202","14","Réunion","REU"
"642","151",,"Romania","ROU"
"643","151",,"Russian Federation","RUS"
"646","202","14","Rwanda","RWA"
"682","145",,"Saudi Arabia","SAU"
"729","15",,"Sudan","SDN"
"686","202","11","Senegal","SEN"
"702","35",,"Singapore","SGP"
"239","419","5","South Georgia and the South Sandwich Islands","SGS"
"654","202","11","Saint Helena","SHN"
"744","154",,"Svalbard and Jan Mayen Islands","SJM"
"90","54",,"Solomon Islands","SLB"
"694","202","11","Sierra Leone","SLE"
"222","419","13","El Salvador","SLV"
"674","39",,"San Marino","SMR"
"706","202","14","Somalia","SOM"
"666","21",,"Saint Pierre and Miquelon","SPM"
"688","39",,"Serbia","SRB"
"728","202","14","South Sudan","SSD"
"678","202","17","Sao Tome and Principe","STP"
"740","419","5","Suriname","SUR"
"703","151",,"Slovakia","SVK"
"705","39",,"Slovenia","SVN"
"752","154",,"Sweden","SWE"
"748","202","18","Eswatini","SWZ"
"534","419","29","Sint Maarten (Dutch part)","SXM"
"690","202","14","Seychelles","SYC"
"760","145",,"Syrian Arab Republic","SYR"
"796","419","29","Turks and Caicos Islands","TCA"
"148","202","17","Chad","TCD"
"768","202","11","Togo","TGO"
"764","35",,"Thailand","THA"
"762","143",,"Tajikistan","TJK"
"772","61",,"Tokelau","TKL"
"795","143",,"Turkmenistan","TKM"
"626","35",,"Timor-Leste","TLS"
"776","61",,"Tonga","TON"
"780","419","29","Trinidad and Tobago","TTO"
"788","15",,"Tunisia","TUN"
"792","145",,"Türkiye","TUR"
"798","61",,"Tuvalu","TUV"
"834","202","14","United Republic of Tanzania","TZA"
"800","202","14","Uganda","UGA"
"804","151",,"Ukraine","UKR"
"581","57",,"United States Minor Outlying Islands","UMI"
"858","419","5","Uruguay","URY"
"840","21",,"United States of America","USA"
"860","143",,"Uzbekistan","UZB"
"336","39",,"Holy See","VAT"
"670","419","29","Saint Vincent and the Grenadines","VCT"
"862","419","5","Venezuela (Bolivarian Republic of)","VEN"
"92","419","29","British Virgin Islands","VGB"
"850","419","29","United States Virgin Islands","VIR"
"704","35",,"Viet Nam","VNM"
"548","54",,"Vanuatu","VUT"
"876","61",,"Wallis and Futuna Islands","WLF"
"882","61",,"Samoa","WSM"
"887","145",,"Yemen","YEM"
"710","202","18","South Africa","ZAF"
"894","202","14","Zambia","ZMB"
"716","202","14","Zimbabwe","ZWE"
"680","154","830","Sark",
"158","30",,"Taiwan","TWN"